{"sections":{"hero-slideshow":{"type":"slideshow","blocks":{"slide-0":{"type":"slide","settings":{"image":"shopify:\/\/shop_images\/12B79A6D-83B1-4D95-8BA8-77D82F9FAA93.png","image_overlay_opacity":0,"heading":"Unlock the Vault","heading_size":"h1","subheading":"","button_label":"Hot Deals 🔥","link":"shopify:\/\/collections\/all","button_style_secondary":false,"show_text_box":false,"box_align":"middle-right","text_alignment":"left","text_alignment_mobile":"center","color_scheme":"scheme-1"}},"slide_PWT8WV":{"type":"slide","settings":{"image":"shopify:\/\/shop_images\/12B79A6D-83B1-4D95-8BA8-77D82F9FAA93.png","image_overlay_opacity":0,"heading":"Image slide","heading_size":"h1","subheading":"Tell your brand's story through images","button_label":"Button label","link":"","button_style_secondary":false,"show_text_box":true,"box_align":"middle-center","text_alignment":"center","text_alignment_mobile":"center","color_scheme":"scheme-1"}}},"block_order":["slide-0","slide_PWT8WV"],"settings":{"layout":"full_bleed","slide_height":"small","slider_visual":"dots","auto_rotate":false,"change_slides_speed":5,"image_behavior":"none","show_text_below":true,"accessibility_info":"Slideshow about our brand"}},"all-products":{"type":"featured-collection","settings":{"collection":"all","products_to_show":24,"title":"Featured collection","heading_size":"h2","description":"","show_description":true,"description_style":"subtitle","columns_desktop":6,"enable_desktop_slider":false,"full_width":false,"show_view_all":true,"view_all_style":"solid","color_scheme":"scheme-3","image_ratio":"adapt","image_shape":"default","show_secondary_image":true,"show_vendor":false,"show_rating":false,"quick_add":"none","columns_mobile":"2","swipe_on_mobile":false,"padding_top":24,"padding_bottom":24}},"collection-list":{"type":"collection-list","blocks":{"collection-0":{"type":"featured_collection","settings":{"collection":""}},"collection-1":{"type":"featured_collection","settings":{"collection":""}},"collection-2":{"type":"featured_collection","settings":{"collection":""}},"collection-3":{"type":"featured_collection","settings":{"collection":""}}},"block_order":["collection-0","collection-1","collection-2","collection-3"],"settings":{"title":"Collections","heading_size":"h2","image_ratio":"square","columns_desktop":4,"color_scheme":"scheme-4","show_view_all":false,"columns_mobile":"1","swipe_on_mobile":true,"padding_top":36,"padding_bottom":36}},"image-banner":{"type":"image-banner","settings":{"image_overlay_opacity":0,"image_height":"small","image_behavior":"none","desktop_content_position":"top-left","desktop_content_alignment":"center","show_text_box":false,"color_scheme":"","stack_images_on_mobile":true,"mobile_content_alignment":"center","show_text_below":true}}},"order":["hero-slideshow","all-products","collection-list","image-banner"]}